Content,Content1,Content2,Content3,Content4,Content5,Content6
1 yr. ago,https://www.reddit.com/r/ChatGPT/comments/127hn6w/italian_privacy_regulator_bans_chatgpt/,"
    Italian privacy regulator bans ChatGPT
  ",privacy,"
      68
      votes
    ",147,comments
8 mo. ago,https://www.reddit.com/r/ChatGPT/comments/14uts9t/gpt_privacy_ways_to_keep_proprietary_codedata/,"
    GPT Privacy - Ways to Keep Proprietary Code/Data Private?
  ",Privacy,"
      5
      votes
    ",23,comments
1 yr. ago,https://www.reddit.com/r/ChatGPT/comments/11enzge/should_i_worry_about_privacy_if_i_use_chatgpt_as/,"
    Should I worry about privacy if I use ChatGPT as a therapist?
  ",privacy,"
      300
      votes
    ",245,comments
1 yr. ago,https://www.reddit.com/r/ChatGPT/comments/zh1v9i/privacy_concerns/,"
    Privacy concerns
  ",Privacy,"
      5
      votes
    ",8,comments
8 mo. ago,https://www.reddit.com/r/ChatGPT/comments/14m47tg/openai_sued_for_3b_over_alleged_privacy_breaches/,"
    ""OpenAI sued for $3B over alleged privacy breaches with ChatGPT""
  ",privacy,"
      329
      votes
    ",119,comments
10 mo. ago,https://www.reddit.com/r/ChatGPT/comments/13jzeej/privacy_concerns/,"
    Privacy concerns
  ",Privacy,"
      5
      votes
    ",17,comments
2 mo. ago,https://www.reddit.com/r/ChatGPT/comments/19c8yfm/gpt4_privacy/,"
    Gpt4 privacy
  ",privacy,"
      1
      vote
    ",1,comment
10 mo. ago,https://www.reddit.com/r/ChatGPT/comments/13q6m7g/chatgpt_and_data_privacy/,"
    ChatGPT and data privacy
  ",privacy,"
      1
      vote
    ",10,comments
1 mo. ago,https://www.reddit.com/r/ChatGPT/comments/1ah41ih/privacy_badger_blocking_chatgpt_response/,"
    Privacy Badger blocking ChatGPT response
  ",Privacy,"
      7
      votes
    ",9,comments
2 mo. ago,https://www.reddit.com/r/ChatGPT/comments/196w6l4/thoughts_on_privacy_of_the_new_team_tier_vs/,"
    Thoughts on privacy of the new Team tier VS Enterprise
  ",privacy,"
      2
      votes
    ",3,comments
9 days ago,https://www.reddit.com/r/ChatGPT/comments/1b1llef/chatgpt_vs_gemini_on_privacy/,"
    ChatGPT vs. Gemini on privacy
  ",privacy,"
      2
      votes
    ",5,comments
7 mo. ago,https://www.reddit.com/r/ChatGPT/comments/15ibxlw/is_there_any_kind_of_company_account_tier_with/,"
    Is there any kind of 'company account' tier with additional privacy for businesses?
  ",privacy,"
      2
      votes
    ",3,comments
1 mo. ago,https://www.reddit.com/r/ChatGPT/comments/1abtnd2/api_integrated_gpt_privacy_concerns/,"
    API integrated GPT privacy concerns.
  ",privacy,"
      2
      votes
    ",2,comments
1 yr. ago,https://www.reddit.com/r/ChatGPT/comments/124vwc9/aiprm_anyone_know_how_much_privacy_exposure_were/,"
    AIPRM - Anyone know how much privacy exposure we're giving?
  ",privacy,"
      4
      votes
    ",6,comments
3 mo. ago,https://www.reddit.com/r/ChatGPT/comments/18a3dcv/bypassing_the_privacy_restriction/,"
    Bypassing the privacy restriction?
  ",privacy,"
      2
      votes
    ",4,comments
9 mo. ago,https://www.reddit.com/r/ChatGPT/comments/13ty6a3/llm_and_privacy/,"
    LLM and privacy
  ",privacy,"
      3
      votes
    ",8,comments
4 mo. ago,https://www.reddit.com/r/ChatGPT/comments/17pzay6/custom_gpteezz_privacy/,"
    Custom GPTeezz Privacy
  ",Privacy,"
      0
      votes
    ",1,comment
1 mo. ago,https://www.reddit.com/r/ChatGPT/comments/1all056/chat_gpt_privacy_policy_explained_by_chatgpt/,"
    Chat GPT Privacy policy explained by ChatGPT itself.
  ",Privacy,"
      1
      vote
    ",1,comment
5 mo. ago,https://www.reddit.com/r/ChatGPT/comments/176u2xc/ah_yes_privacy_policy/,"
    Ah yes. Privacy Policy
  ",Privacy,"
      33
      votes
    ",2,comments
8 mo. ago,https://www.reddit.com/r/ChatGPT/comments/14pqa8l/privacy_on_web_and_api_of_chatgpt/,"
    Privacy on web and API of ChatGPT
  ",Privacy,"
      0
      votes
    ",3,comments
5 mo. ago,https://www.reddit.com/r/ChatGPT/comments/17ebw22/username_thread_privacy/,"
    Username thread - Privacy
  ",Privacy,"
      7
      votes
    ",3,comments
9 mo. ago,https://www.reddit.com/r/ChatGPT/comments/141nsgi/chatpdf_where_you_dont_have_worry_about_the/,"
    ChatPDF where you don’t have worry about the privacy of the document you’re uploading?
  ",privacy,"
      1
      vote
    ",3,comments
4 mo. ago,https://www.reddit.com/r/ChatGPT/comments/17s22ta/privacy_of_added_knowledge_to_gpts/,"
    ""Privacy"" of added knowledge to GPTs
  ",Privacy,"
      6
      votes
    ",7,comments
4 mo. ago,https://www.reddit.com/r/ChatGPT/comments/180ik1h/publishing_own_gpt_valid_privacy_policy_urls/,"
    Publishing own GPT - Valid Privacy Policy URLs?
  ",Privacy,"
      0
      votes
    ",4,comments
2 mo. ago,https://www.reddit.com/r/ChatGPT/comments/193yi6y/chatgpt_enterprise_what_privacy_do_individuals_get/,"
    ChatGPT Enterprise - what privacy do individuals get?
  ",privacy,"
      2
      votes
    ",7,comments
3 mo. ago,https://www.reddit.com/r/ChatGPT/comments/18hz75j/huge_privacy_concern_gpt_builder_profile_uses/,"
    Huge Privacy Concern: GPT Builder Profile Uses your real name sourced from Credit Card
  ",Privacy,"
      12
      votes
    ",20,comments
6 mo. ago,https://www.reddit.com/r/ChatGPT/comments/164nb2w/enterprise_gpt_securityprivacy_review/,"
    Enterprise GPT Security/Privacy Review
  ",Privacy,"
      2
      votes
    ",7,comments
9 mo. ago,https://www.reddit.com/r/ChatGPT/comments/14h2xpd/privacy_can_i_use_chatgpt_in_a_manner_that_it/,"
    (Privacy) Can I use ChatGPT in a manner that it doesn't learn from my data or collect anything ? i.e the state of the system will be the same after my interaction that it was before.
  ",Privacy,"
      0
      votes
    ",6,comments
5 mo. ago,https://www.reddit.com/r/ChatGPT/comments/17c1yrm/what_privacy_and_what_faces/,"
    What privacy and what faces???
  ",privacy,"
      0
      votes
    ",2,comments
1 yr. ago,https://www.reddit.com/r/ChatGPT/comments/12p7624/lets_be_cautious_about_our_privacy_a_concern/,"
    Let's Be Cautious About Our Privacy: A Concern About MemoryGPT
  ",Privacy,"
      4
      votes
    ",3,comments
6 mo. ago,https://www.reddit.com/r/ChatGPT/comments/169blgx/the_most_honest_privacy_policy/,"
    The most honest privacy policy:
  ",privacy,"
      24
      votes
    ",3,comments
5 mo. ago,https://www.reddit.com/r/ChatGPT/comments/16z84u1/does_turning_off_chat_history_give_us_more_privacy/,"
    Does turning off chat history give us more privacy?
  ",privacy,"
      5
      votes
    ",11,comments
9 days ago,https://www.reddit.com/r/ChatGPT/comments/1b1u9t1/best_ai_bypass_detectors_that_have_a_good_privacy/,"
    Best ai bypass detectors that have a good privacy policy?
  ",privacy,"
      1
      vote
    ",1,comment
4 mo. ago,https://www.reddit.com/r/ChatGPT/comments/17v95ek/openai_privacy_policy_update_if_you_do_not_agree/,"
    OpenAI Privacy Policy Update: If you do not agree to the updates, you may delete your account.
  ",Privacy,"
      4
      votes
    ",13,comments
8 mo. ago,https://www.reddit.com/r/ChatGPT/comments/1539wym/api_and_privacy/,"
    Api and privacy
  ",privacy,"
      0
      votes
    ",3,comments
1 yr. ago,https://www.reddit.com/r/ChatGPT/comments/10heb2k/chatgpt_privacy_safety_concerns_prompt_deletion/,"
    ChatGPT Privacy / Safety Concerns - Prompt Deletion
  ",Privacy,"
      5
      votes
    ",5,comments
4 mo. ago,https://www.reddit.com/r/ChatGPT/comments/17xxa5b/using_new_gpts_privacysafety_concerns/,"
    Using New GPTs - Privacy/Safety Concerns
  ",Privacy,"
      0
      votes
    ",2,comments
1 yr. ago,https://www.reddit.com/r/ChatGPT/comments/11im7n8/discovered_something_ridiculous_and/,"
    Discovered Something Ridiculous and Privacy-Breaking
  ",Privacy,"
      11
      votes
    ",10,comments
2 mo. ago,https://www.reddit.com/r/ChatGPT/comments/193iu5j/privacy_and_security_for_gpt_builders_to_share/,"
    Privacy and Security - for GPT builders to share publicly
  ",Privacy,"
      2
      votes
    ",4,comments
6 mo. ago,https://www.reddit.com/r/ChatGPT/comments/167fzdm/generate_website_privacy_policies_with_chatgpt/,"
    Generate website privacy policies with ChatGPT
  ",privacy,"
      3
      votes
    ",1,comment
1 mo. ago,https://www.reddit.com/r/ChatGPT/comments/1aenetm/openais_chatgpt_breaches_privacy_rules_says/,"
    OpenAI's ChatGPT breaches privacy rules, says Italian watchdog
  ",privacy,"
      1
      vote
    ",1,comment
1 yr. ago,https://www.reddit.com/r/ChatGPT/comments/12lfmak/i_think_i_found_a_privacy_exploit_in_chatgpt/,"
    I Think I Found a Privacy Exploit in ChatGPT
  ",Privacy,"
      1
      vote
    ",3,comments
2 mo. ago,https://www.reddit.com/r/ChatGPT/comments/191t9lo/privacy_policy_when_making_a_chat_bot_that_uses/,"
    Privacy Policy When Making a Chat Bot That Uses APIs
  ",Privacy,"
      2
      votes
    ",3,comments
1 yr. ago,https://www.reddit.com/r/ChatGPT/comments/1167kc6/chatgpt_privacy_using_signal_thoughts/,"
    ChatGPT Privacy using Signal - Thoughts?
  ",Privacy,"
      1
      vote
    ",6,comments
5 mo. ago,https://www.reddit.com/r/ChatGPT/comments/173n2wa/chatgpt_with_privacy_enabled_became_unusable/,"
    ChatGPT with privacy enabled became unusable
  ",privacy,"
      0
      votes
    ",3,comments
7 mo. ago,https://www.reddit.com/r/ChatGPT/comments/160obzs/thats_what_you_get_for_invading_my_privacy/,"
    Thats what you get for invading my privacy
  ",privacy,"
      1
      vote
    ",2,comments
3 mo. ago,https://www.reddit.com/r/ChatGPT/comments/18m9j33/artificial_intelligence_can_find_your_photos/,"
    Artificial intelligence can find your photo's location, worrying privacy experts
  ",privacy,"
      0
      votes
    ",3,comments
10 mo. ago,https://www.reddit.com/r/ChatGPT/comments/13lhogy/zerogpts_privacy_policy_is_likely_generated_by/,"
    ZeroGPT's Privacy Policy is ""likely generated by AI/GPT""
  ",Privacy,"
      66
      votes
    ",13,comments
10 mo. ago,https://www.reddit.com/r/ChatGPT/comments/13b17jw/gdpr_privacy_concerns/,"
    GDPR Privacy concerns
  ",Privacy,"
      2
      votes
    ",1,comment
4 mo. ago,https://www.reddit.com/r/ChatGPT/comments/17xh43h/help_need_to_understand_data_privacy_with/,"
    Help Need to Understand Data Privacy with Cassidy.AI
  ",Privacy,"
      1
      vote
    ",3,comments
2 mo. ago,https://www.reddit.com/r/ChatGPT/comments/18s1wt8/chatgpt_can_cough_up_sensitive_information_raises/,"
    ChatGPT can cough up sensitive information, raises privacy concerns
  ",privacy,"
      1
      vote
    ",1,comment
1 yr. ago,https://www.reddit.com/r/ChatGPT/comments/12zesgk/official_privacy_update_for_chatgpt_users/,"
    [Official] Privacy Update for ChatGPT users!
  ",Privacy,"
      6
      votes
    ",3,comments
6 mo. ago,https://www.reddit.com/r/ChatGPT/comments/16ohii5/poland_opens_privacy_probe_of_chatgpt/,"
    Poland opens privacy probe of ChatGPT
  ",privacy,"
      1
      vote
    ",1,comment
1 yr. ago,https://www.reddit.com/r/ChatGPT/comments/12hsyvf/chatgpt_openai_privacy_policy/,"
    ChatGPT OpenAI Privacy Policy
  ",Privacy,"
      2
      votes
    ",1,comment
5 mo. ago,https://www.reddit.com/r/ChatGPT/comments/16tjvjp/concerned_about_data_privacy_on_gpt4_my_friend/,"
    Concerned about data privacy on gpt4, my friend knows my history
  ",privacy,"
      11
      votes
    ",12,comments
1 yr. ago,https://www.reddit.com/r/ChatGPT/comments/12hat61/is_the_summary_wrong_intentionaly_because_of/,"
    Is the ""summary"" wrong intentionaly because of privacy issues, because anyone can say ""yeah thats me""?
  ",privacy,"
      4
      votes
    ",5,comments
1 yr. ago,https://www.reddit.com/r/ChatGPT/comments/1211ze7/question_about_privacy/,"
    Question about privacy
  ",privacy,"
      1
      vote
    ",3,comments
1 yr. ago,https://www.reddit.com/r/ChatGPT/comments/12kgisf/companies_should_be_worried_about_using_chatgpt/,"
    Companies should be worried about using ChatGPT as of now! Are there 3rd party alternatives for data privacy?
  ",privacy,"
      1
      vote
    ",3,comments
5 mo. ago,https://www.reddit.com/r/ChatGPT/comments/175ugel/looking_for_ios_keyboard_app_with_best_privacy/,"
    Looking for IOS Keyboard app with Best privacy
  ",privacy,"
      0
      votes
    ",1,comment
10 mo. ago,https://www.reddit.com/r/ChatGPT/comments/13cfyun/used_bing_ai_is_this_a_for_privacy_since_people/,"
    Used Bing AI. Is this a 🚩 for privacy since people unrelated to IT would want to know how it works?
  ",privacy,"
      21
      votes
    ",82,comments
10 mo. ago,https://www.reddit.com/r/ChatGPT/comments/13altzg/chatgpt_at_workprivacy_concerns/,"
    ChatGPT at Work/Privacy Concerns
  ",Privacy,"
      6
      votes
    ",6,comments
2 mo. ago,https://www.reddit.com/r/ChatGPT/comments/193ijn4/multiple_domain_error_when_inputting_privacy/,"
    Multiple domain error when inputting privacy policy URL when wanting to make a GPT public - anyone run into this?
  ",privacy,"
      4
      votes
    ",7,comments
7 mo. ago,https://www.reddit.com/r/ChatGPT/comments/15usgjd/online_data_privacy_is_an_outdated_concept/,"
    Online data privacy is an outdated concept.
  ",privacy,"
      0
      votes
    ",3,comments
2 mo. ago,https://www.reddit.com/r/ChatGPT/comments/194eqdp/anyone_know_if_team_is_configured_for_privacy/,"
    Anyone know if 'Team' is configured for privacy between sharers? Or is all history shared?
  ",privacy,"
      2
      votes
    ",3,comments
5 mo. ago,https://www.reddit.com/r/ChatGPT/comments/17d0pga/maybe_way_to_generate_imges_copyrighted_and_with/,"
    Maybe way to generate imges copyrighted and with privacy policy
  ",privacy,"
      2
      votes
    ",3,comments
1 yr. ago,https://www.reddit.com/r/ChatGPT/comments/11ttu0o/rant_my_work_just_restricted_using_chatgpt_due_to/,"
    [Rant] My work just restricted using ChatGPT due to privacy issue
  ",privacy,"
      1
      vote
    ",5,comments
1 yr. ago,https://www.reddit.com/r/ChatGPT/comments/12mp8sv/bing_respects_your_privacy/,"
    Bing ""Respects"" your Privacy!
  ",Privacy,"
      1
      vote
    ",2,comments
1 yr. ago,https://www.reddit.com/r/ChatGPT/comments/12awgvx/no_privacy_jokes_are_allowed/,"
    No privacy jokes are allowed!
  ",privacy,"
      0
      votes
    ",3,comments
4 mo. ago,https://www.reddit.com/r/ChatGPT/comments/18148i9/how_much_do_you_care_about_privacy_when_yanking/,"
    How much do you care about privacy when yanking stuff into ChatGPT?
  ",privacy,"
      3
      votes
    ",7,comments
1 yr. ago,https://www.reddit.com/r/ChatGPT/comments/128d49z/will_ai_replace_humans_the_impact_on_human_privacy/,"
    Will AI Replace Humans? The Impact on Human Privacy
  ",Privacy,"
      1
      vote
    ",1,comment
7 mo. ago,https://www.reddit.com/r/ChatGPT/comments/15ukbz7/i_asked_chatgpt_to_create_ten_laws_based_on_its/,"
    I asked chatgpt to create ten laws based on its own ethical code..
  ",,"
      5.7K
      votes
    ",1000,comments
1 yr. ago,https://www.reddit.com/r/ChatGPT/comments/12iglrv/how_do_companies_tackle_observability_bias_and/,"
    How do companies tackle observability, bias, and data privacy in LLMs? Share your experience!
  ",privacy,"
      1
      vote
    ",2,comments
2 mo. ago,https://www.reddit.com/r/ChatGPT/comments/18rw66x/new_study_links_openais_gpt35_turbo_to_alarming/,"
    New Study Links OpenAI's GPT-3.5 Turbo To Alarming Privacy Threats
  ",Privacy,"
      1
      vote
    ",2,comments
1 yr. ago,https://www.reddit.com/r/ChatGPT/comments/127z6g2/italy_decides_to_block_chatgpt_due_to_privacy_and/,"
    Italy decides to block ChatGpt due to privacy and security problems
  ",privacy,"
      6
      votes
    ",4,comments
5 mo. ago,https://www.reddit.com/r/ChatGPT/comments/17b5wm4/poland_opens_privacy_probe_of_chatgpt_following/,"
    Poland opens privacy probe of ChatGPT following GDPR complaint
  ",privacy,"
      3
      votes
    ",1,comment
1 yr. ago,https://www.reddit.com/r/ChatGPT/comments/11wnw47/chat_gpt_displaying_someone_elses_recent_chats/,"
    Chat GPT displaying (someone else’s) recent chats. Privacy issue?
  ",Privacy,"
      6
      votes
    ",4,comments
4 mo. ago,https://www.reddit.com/r/ChatGPT/comments/17o551l/with_privacy_concerns_rising_can_we_teach_ai/,"
    With privacy concerns rising, can we teach AI chatbots to forget?
  ",privacy,"
      1
      vote
    ",1,comment
8 mo. ago,https://www.reddit.com/r/ChatGPT/comments/150205u/viral_baby_picture_generating_ai_app_has_privacy/,"
    Viral Baby Picture Generating AI App has Privacy Intrusive Terms and Conditions
  ",Privacy,"
      5
      votes
    ",0,comments
4 mo. ago,https://www.reddit.com/r/ChatGPT/comments/17qmfh6/georgia_tech_students_looking_for_super_short/,"
    Georgia Tech Students looking for super short survey responses on LLM Privacy
  ",Privacy,"
      1
      vote
    ",3,comments
6 mo. ago,https://www.reddit.com/r/ChatGPT/comments/16fb5dh/can_you_use_chatgpt_with_company_data/,"
    Can you use ChatGPT with company data?
  ",,"
      0
      votes
    ",13,comments
10 mo. ago,https://www.reddit.com/r/ChatGPT/comments/13spbqf/privacy_or_prepaid_cards_that_work/,"
    Privacy or Prepaid Cards That Work?
  ",Privacy,"
      2
      votes
    ",1,comment
8 mo. ago,https://www.reddit.com/r/ChatGPT/comments/14m78dy/microsoft_openai_sued_for_chatgpt_privacy/,"
    Microsoft, OpenAI sued for ChatGPT 'privacy violations'
  ",privacy,"
      4
      votes
    ",1,comment
2 mo. ago,https://www.reddit.com/r/ChatGPT/comments/18pvvau/privacyfocused_and_personal_joi_based_on_gpt_and/,"
    Privacy-focused and Personal JOI based on GPT and open-weight models like Mixtral
  ",Privacy,"
      0
      votes
    ",2,comments
8 mo. ago,https://www.reddit.com/r/ChatGPT/comments/1522ci0/un_warns_of_aipowered_brain_implant_privacy_risks/,"
    UN Warns of AI-Powered Brain Implant Privacy Risks
  ",Privacy,"
      6
      votes
    ",2,comments
4 mo. ago,https://www.reddit.com/r/ChatGPT/comments/17md340/brave_rivals_bing_and_chatgpt_with_new/,"
    Brave rivals Bing and ChatGPT with new privacy-focused AI chatbot
  ",privacy,"
      3
      votes
    ",1,comment
10 mo. ago,https://www.reddit.com/r/ChatGPT/comments/13oxit3/privacy_in_the_age_of_ai_the_dangers_of/,"
    Privacy in the Age of AI: The Dangers of Unverified ChatGPT Plugins - GPT Weekly Rundown
  ",Privacy,"
      4
      votes
    ",4,comments
1 yr. ago,https://www.reddit.com/r/ChatGPT/comments/119a2nl/an_important_question_on_privacy/,"
    An Important Question On Privacy.
  ",Privacy,"
      2
      votes
    ",1,comment
1 yr. ago,https://www.reddit.com/r/ChatGPT/comments/120xdnr/just_so_you_know_you_cannot_freely_delete_your/,"
    Just so you know, you cannot freely delete your credit card info
  ",,"
      162
      votes
    ",57,comments
1 yr. ago,https://www.reddit.com/r/ChatGPT/comments/127hipt/italian_privacy_regulator_bans_chatgpt/,"
    Italian privacy regulator bans ChatGPT
  ",privacy,"
      4
      votes
    ",1,comment
9 mo. ago,https://www.reddit.com/r/ChatGPT/comments/142tc6a/are_askyourpdf_uploads_anonymous/,"
    Are AskYourPDF uploads anonymous?
  ",,"
      1
      vote
    ",6,comments
3 mo. ago,https://www.reddit.com/r/ChatGPT/comments/18lw8ay/very_strange_behaviour_from_bing_i_whispered_hi/,"
    Very strange behaviour from Bing. I whispered Hi to it, then gave it the shush emoji, it then replied to me in Tibetan, lied about the translation, I doubled checked with Gpt-3.5 because frankly I don't trust it. I guess it doesn't like being shushed.
  ",,"
      888
      votes
    ",364,comments
3 mo. ago,https://www.reddit.com/r/ChatGPT/comments/18oghov/i_mix_my_own_vape_juice_and_i_also_sell_juice/,"
    I mix my own vape juice, and I also sell juice that I make. So I had some privacy concerns using an online tool to do recipe calculations/recipe storage. Thankfully ChatGPT was able to fully build this app in Python for me. No more using an excel sheet with formulas for mixing!
  ",privacy,"
      16
      votes
    ",8,comments
1 yr. ago,https://www.reddit.com/r/ChatGPT/comments/12ks987/italy_banned_chatgpt_for_privacy_reasons_but_why/,"
    Italy Banned ChatGPT for Privacy Reasons; But Why?
  ",Privacy,"
      0
      votes
    ",4,comments
10 mo. ago,https://www.reddit.com/r/ChatGPT/comments/13je8kf/sam_altman_senate_hearing_ai_impact_on_jobs/,"
    Sam Altman Senate Hearing - AI Impact on Jobs, Election, Privacy, and Worst Fears...
  ",Privacy,"
      2
      votes
    ",1,comment
9 mo. ago,https://www.reddit.com/r/ChatGPT/comments/13vk6gk/privacy_and_chatgpt_how_big_is_this_problem_for/,"
    Privacy and ChatGPT. How big is this problem for you?
  ",Privacy,"
      3
      votes
    ",5,comments
8 mo. ago,https://www.reddit.com/r/ChatGPT/comments/14m7pwv/openai_is_currently_facing_a_massive_157page/,"
    OpenAI is currently facing a massive 157-page lawsuit for violating privacy laws! Filed on 28.06
  ",privacy,"
      1
      vote
    ",1,comment
10 mo. ago,https://www.reddit.com/r/ChatGPT/comments/13rng8b/canadian_privacy_authorities_investigating/,"
    Canadian privacy authorities investigating ChatGPT's use of personal information
  ",privacy,"
      6
      votes
    ",2,comments
9 mo. ago,https://www.reddit.com/r/ChatGPT/comments/13xm7ld/does_bing_gpt4_know_whats_going_on_here_and_just/,"
    Does Bing GPT-4 know what’s going on here and just don’t tell me for privacy reasons? [experiment]
  ",privacy,"
      4
      votes
    ",4,comments
1 yr. ago,https://www.reddit.com/r/ChatGPT/comments/12hjx0k/chatgpt_to_face_privacy_investigation_by_canadian/,"
    ChatGPT to Face Privacy Investigation by Canadian Commissioner
  ",Privacy,"
      2
      votes
    ",2,comments
8 mo. ago,https://www.reddit.com/r/ChatGPT/comments/14zi6ol/google_slapped_with_a_lawsuit_for_secretly/,"
    Google slapped with a lawsuit for 'secretly stealing' data to train Bard
  ",,"
      599
      votes
    ",92,comments
1 yr. ago,https://www.reddit.com/r/ChatGPT/comments/11fjfke/good_overview_about_privacy_concerns_with_chatgpt/,"
    Good overview about privacy concerns with ChatGPT
  ",privacy,"
      2
      votes
    ",2,comments
4 mo. ago,https://www.reddit.com/r/ChatGPT/comments/17qhciu/how_considerate_of_bing_ai_to_blue_this_cats_face/,"
    How considerate of Bing AI to blue this cat's face out to respect the cat's privacy!
  ",privacy,"
      7
      votes
    ",1,comment
6 mo. ago,https://www.reddit.com/r/ChatGPT/comments/164mp52/openai_launches_chatgpt_enterprise_with_greater/,"
    OpenAI launches ChatGPT Enterprise with greater privacy, high-speed GPT-4
  ",privacy,"
      6
      votes
    ",1,comment
8 mo. ago,https://www.reddit.com/r/ChatGPT/comments/1542sz5/chatgpt_was_supposed_to_have_image_recog_but_its/,"
    ChatGPT was supposed to have image recog but its cousin BingChat actually does. Sadly it's saying vitamin bottles are ""hats"", ""fedoras"" and "" Privacy blur hides faces"" from them
  ",Privacy,"
      0
      votes
    ",1,comment
10 mo. ago,https://www.reddit.com/r/ChatGPT/comments/132k3ei/chatgpt_is_back_in_italy_after_addressing_data/,"
    ChatGPT is Back in Italy After Addressing Data Privacy Concerns
  ",Privacy,"
      0
      votes
    ",5,comments
9 mo. ago,https://www.reddit.com/r/ChatGPT/comments/14a8slk/google_warned_its_own_staff_about_chatbots/,"
    ""Google warned its own staff about chatbots""
  ",,"
      9
      votes
    ",4,comments
10 mo. ago,https://www.reddit.com/r/ChatGPT/comments/13bgqva/simple_ways_to_protect_your_privacy_when_using/,"
    Simple ways to protect your privacy when using ChatGPT
  ",privacy,"
      0
      votes
    ",1,comment
10 mo. ago,https://www.reddit.com/r/ChatGPT/comments/136np38/data_protection_how_do_i_stop_my_private/,"
    Data Protection - How do I stop my private documents from getting leaked?
  ",,"
      5
      votes
    ",15,comments
3 mo. ago,https://www.reddit.com/r/ChatGPT/comments/18boko9/do_you_have_any_concern_re_bing_or_any_other_ai/,"
    Do you have any concern re: Bing (or any other AI chat bot out there) caring of your privacy?
  ",privacy,"
      5
      votes
    ",3,comments
1 yr. ago,https://www.reddit.com/r/ChatGPT/comments/12o5qoj/if_your_chat_included_details_of_a_confession_to/,"
    If your chat included details of a confession to a crime you committed, would OpenAI be able to report you to the authorities based on those details in the chat history? Where is the line of privacy vs society's safety?
  ",privacy,"
      4
      votes
    ",8,comments
10 mo. ago,https://www.reddit.com/r/ChatGPT/comments/13ifure/anyway_to_save_conversations_locally_and_keep/,"
    Anyway to save conversations locally and keep history turned off? (For privacy)
  ",privacy,"
      1
      vote
    ",4,comments
10 mo. ago,https://www.reddit.com/r/ChatGPT/comments/1374m82/chatgpt_confirms_data_breach_raising_security/,"
    ChatGPT Confirms Data Breach, Raising Security Concerns
  ",,"
      9
      votes
    ",4,comments
1 yr. ago,https://www.reddit.com/r/ChatGPT/comments/10oy03g/chatgpt_ai_and_the_future_of_privacy/,"
    ChatGPT, AI, and the future of privacy
  ",privacy,"
      1
      vote
    ",1,comment
2 mo. ago,https://www.reddit.com/r/ChatGPT/comments/193ye10/did_you_get_notified_of_the_policy_change/,"
    Did you get notified of the policy change?
  ",,"
      5
      votes
    ",5,comments
1 yr. ago,https://www.reddit.com/r/ChatGPT/comments/10p1kwi/using_chatgpt_to_summarize_research_privacy/,"
    Using ChatGPT to summarize research - privacy problems?
  ",privacy,"
      0
      votes
    ",3,comments
1 yr. ago,https://www.reddit.com/r/ChatGPT/comments/128vrxj/opting_out_of_data_being_collected/,"
    Opting Out of Data Being Collected
  ",,"
      2
      votes
    ",11,comments
10 mo. ago,https://www.reddit.com/r/ChatGPT/comments/13b4u1v/how_is_chatgpt_is_going_to_handle_data_privacy/,"
    How is ChatGPT is going to handle data privacy concerns
  ",privacy,"
      3
      votes
    ",2,comments
5 mo. ago,https://www.reddit.com/r/ChatGPT/comments/177v9r8/chatgpt_histories_got_leaked_again/,"
    ChatGPT histories got leaked, again
  ",,"
      1
      vote
    ",2,comments
1 yr. ago,https://www.reddit.com/r/ChatGPT/comments/127n6lx/italian_privacy_regulator_bans_chatgpt_might_more/,"
    Italian privacy regulator bans ChatGPT. Might more countries follow soon?
  ",privacy,"
      3
      votes
    ",4,comments
1 yr. ago,https://www.reddit.com/r/ChatGPT/comments/12esdcs/banning_chatgpt_be_like/,"
    Banning ChatGPT be like
  ",,"
      331
      votes
    ",48,comments
1 yr. ago,https://www.reddit.com/r/ChatGPT/comments/11abrdu/the_times_companies_block_chatgpt_amid_privacy/,"
    The Times Companies block ChatGPT amid privacy fears
  ",privacy,"
      0
      votes
    ",1,comment
10 mo. ago,https://www.reddit.com/r/ChatGPT/comments/13le2ki/are_plugins_like_askyourpdf_and_chatwithpdf_safe/,"
    Are Plugins like AskYourPDF and ChatWithPDF safe to use?
  ",,"
      0
      votes
    ",3,comments
8 mo. ago,https://www.reddit.com/r/ChatGPT/comments/14qbeb7/googles_updated_privacy_policy_states_it_can_use/,"
    ""Google's updated privacy policy states it can use public data to train its AI models""
  ",privacy,"
      4
      votes
    ",6,comments
1 yr. ago,https://www.reddit.com/r/ChatGPT/comments/10v903x/worry_about_personal_data/,"
    Worry about personal data
  ",,"
      2
      votes
    ",3,comments
10 mo. ago,https://www.reddit.com/r/ChatGPT/comments/134gj4k/chatgpt_comes_with_a_new_feature_to_ensure_user/,"
    ChatGPT comes with a new feature to ensure user privacy
  ",privacy,"
      0
      votes
    ",1,comment
2 mo. ago,https://www.reddit.com/r/ChatGPT/comments/1937fas/how_long_does_openai_retain_deleted_chats/,"
    How long does OpenAi retain deleted ""chats""?
  ",,"
      2
      votes
    ",11,comments
1 yr. ago,https://www.reddit.com/r/ChatGPT/comments/129hn7h/what_the_italian_privacy_regulator_did_with/,"
    What the italian privacy regulator did with Chatgpt in 24 hours
  ",privacy,"
      2
      votes
    ",2,comments
3 mo. ago,https://www.reddit.com/r/ChatGPT/comments/18bnwmv/you_can_optout_as_a_consumer_from_letting_openai/,"
    You can opt-out as a consumer from letting OpenAI train models on your input
  ",,"
      5
      votes
    ",3,comments
1 yr. ago,https://www.reddit.com/r/ChatGPT/comments/12buc3u/canadian_federal_privacy_watchdog_probing_openai/,"
    Canadian federal privacy watchdog probing OpenAI, ChatGPT following complaint
  ",privacy,"
      1
      vote
    ",1,comment
10 mo. ago,https://www.reddit.com/r/ChatGPT/comments/13jzikl/using_chatgpt_code_interpreter_without_sharing/,"
    Using ChatGPT Code Interpreter Without Sharing Data?
  ",,"
      1
      vote
    ",7,comments
4 mo. ago,https://www.reddit.com/r/ChatGPT/comments/17l6nb6/live_fearless_something_happened_that_i_found/,"
    ""LIVE FEARLESS"" Something happened that I found concerning. My name is blacked out for privacy. I'm kinda freaked out. .......Ads?
  ",privacy,"
      1
      vote
    ",5,comments
17 days ago,https://www.reddit.com/r/ChatGPT/comments/1auj4d7/unable_to_load_conversation_conversation_key_not/,"
    Unable to Load Conversation / Conversation key not found, when history is off 😡
  ",,"
      2
      votes
    ",2,comments
1 yr. ago,https://www.reddit.com/r/ChatGPT/comments/11ny0di/the_computer_scientist_taking_on_big_tech_privacy/,"
    The Computer Scientist Taking on Big Tech: Privacy, Lies and AI
  ",Privacy,"
      2
      votes
    ",2,comments
7 mo. ago,https://www.reddit.com/r/ChatGPT/comments/15lmwcd/75_of_organizations_worldwide_set_to_ban_chatgpt/,"
    75% of Organizations Worldwide Set to Ban ChatGPT and Generative AI Apps on Work Devices
  ",,"
      40
      votes
    ",25,comments
1 yr. ago,https://www.reddit.com/r/ChatGPT/comments/127k704/italian_regulators_order_chatgpt_ban_over_alleged/,"
    Italian regulators order ChatGPT ban over alleged violation of data privacy laws
  ",privacy,"
      3
      votes
    ",2,comments
1 yr. ago,https://www.reddit.com/r/ChatGPT/comments/12hcqs2/how_to_keep_your_country_in_the_dark_ages/,"
    How to keep your Country in the dark ages
  ",,"
      1.8K
      votes
    ",819,comments
1 yr. ago,https://www.reddit.com/r/ChatGPT/comments/12khzee/chatgpt_the_privacy_guarantor_dictates_the/,"
    ChatGPT, the Privacy Guarantor dictates the conditions for suspending the block in Italy
  ",Privacy,"
      4
      votes
    ",4,comments
1 yr. ago,https://www.reddit.com/r/ChatGPT/comments/11ol7qt/sharing_confidential_information_with_chatgpt_api/,"
    Sharing confidential information with ChatGPT API. Do companies do this?
  ",,"
      1
      vote
    ",9,comments
1 yr. ago,https://www.reddit.com/r/ChatGPT/comments/128lhoo/italy_temporarily_suspends_chatgpt_over_data_and/,"
    Italy Temporarily Suspends ChatGPT Over Data and Privacy Concerns: OpenAI Under Investigation
  ",Privacy,"
      1
      vote
    ",2,comments
1 yr. ago,https://www.reddit.com/r/ChatGPT/comments/125ahg9/how_can_create_an_account_without_giving_my_phone/,"
    How can create an account without giving my phone number!!!?
  ",,"
      0
      votes
    ",9,comments
1 yr. ago,https://www.reddit.com/r/ChatGPT/comments/zoyqpf/i_asked_chatgpt_to_highlight_problems_with_its/,"
    I asked ChatGPT to highlight problems with its own Privacy Policy
  ",Privacy,"
      15
      votes
    ",0,comments
1 yr. ago,https://www.reddit.com/r/ChatGPT/comments/12gvsmu/help_implementing_a_private_vector_database_like/,"
    Help implementing a private vector database like Pinecone for individual users in a production app
  ",,"
      1
      vote
    ",4,comments
10 mo. ago,https://www.reddit.com/r/ChatGPT/comments/131uspp/chatgpt_complies_with_privacy_regulations_ready/,"
    ChatGpt complies with privacy regulations, ready to go back online in Italy, probably today or tomorrow
  ",privacy,"
      1
      vote
    ",2,comments
1 yr. ago,https://www.reddit.com/r/ChatGPT/comments/10wap7a/weve_built_chatgpt_for_your_pdf_files/,"
    We've built ChatGPT for your pdf files
  ",,"
      495
      votes
    ",292,comments
1 yr. ago,https://www.reddit.com/r/ChatGPT/comments/12krv7d/please_share_information_you_have_related_to_how/,"
    Please share information you have related to how Open AI handles privacy re: prompts and user input
  ",privacy,"
      1
      vote
    ",3,comments
1 yr. ago,https://www.reddit.com/r/ChatGPT/comments/12oa06j/any_alternative_selfhosted_frontends_for_chatgpt/,"
    Any alternative self-hosted frontends for ChatGPT I can use with my API key?
  ",,"
      1
      vote
    ",4,comments
1 yr. ago,https://www.reddit.com/r/ChatGPT/comments/12bmsuh/chatgpt_is_a_data_privacy_nightmare_if_youve_ever/,"
    ChatGPT is a data privacy nightmare. If you’ve ever posted online, you ought to be concerned
  ",privacy,"
      0
      votes
    ",2,comments
1 yr. ago,https://www.reddit.com/r/ChatGPT/comments/12e2eg6/what_do_you_think_of_the_eus_efforts_to_ban/,"
    What do you think of the EU’s efforts to ban ChatGPT?
  ",,"
      8
      votes
    ",79,comments
1 yr. ago,https://www.reddit.com/r/ChatGPT/comments/12atbdb/some_governments_are_beginning_to_ban_generative/,"
    Some governments are beginning to ban generative AI due to data privacy concerns. Do you think these concerns are valid?
  ",privacy,"
      1
      vote
    ",6,comments
1 yr. ago,https://www.reddit.com/r/ChatGPT/comments/111x82o/use_chatgpt_anonymously_as_an_ai_therapist/,"
    Use ChatGPT anonymously as an AI therapist
  ",,"
      3
      votes
    ",5,comments
