Content,Content1,Content2,textcurrent,Content3,Content4,Content5
3 days ago,https://www.reddit.com/r/privacy/comments/1bzqzag/does_chatgpt_also_spy_on_us/,"
    Does CHATGPT also spy on us?
  ",,"
      73
      votes
    ",80,comments
10 mo. ago,https://www.reddit.com/r/privacy/comments/1443hb3/privacyfriendly_alternative_to_chatgpt/,"
    Privacy-friendly alternative to ChatGPT?
  ",,"
      23
      votes
    ",21,comments
1 yr. ago,https://www.reddit.com/r/privacy/comments/12gnths/chatgpt_invented_a_sexual_harassment_scandal_and/,"
    ChatGPT invented a sexual harassment scandal and named a real law prof as the accused
  ",,"
      1.2K
      votes
    ",202,comments
8 mo. ago,https://www.reddit.com/r/privacy/comments/15mg108/how_bad_is_chatgpt/,"
    How bad is chatgpt?
  ",,"
      8
      votes
    ",38,comments
1 yr. ago,https://www.reddit.com/r/privacy/comments/10wu0ss/chatgpt_is_a_data_privacy_nightmare_if_youve_ever/,"
    ChatGPT is a data privacy nightmare. If you’ve ever posted online, you ought to be concerned
  ",,"
      1.7K
      votes
    ",240,comments
1 yr. ago,https://www.reddit.com/r/privacy/comments/13llqi4/my_dad_started_using_chat_gpt_im_a_little/,"
    My dad started using chat gpt, I'm a little concerned
  ",,"
      83
      votes
    ",37,comments
1 yr. ago,https://www.reddit.com/r/privacy/comments/13lvc3h/apple_restricts_employees_from_using_chatgpt_over/,"
    Apple restricts employees from using ChatGPT over fear of data leaks
  ",,"
      1.2K
      votes
    ",70,comments
4 mo. ago,https://www.reddit.com/r/privacy/comments/18ob3y7/is_it_worse_to_install_chatgpt_on_my_phone/,"
    Is it worse to install ChatGPT on my phone?
  ",,"
      0
      votes
    ",5,comments
1 yr. ago,https://www.reddit.com/r/privacy/comments/127hkn9/italian_privacy_regulator_bans_chatgpt/,"
    Italian privacy regulator bans ChatGPT
  ",,"
      503
      votes
    ",61,comments
4 mo. ago,https://www.reddit.com/r/privacy/comments/18lwyd0/chatgpt_plus_personal_information_privacy_concerns/,"
    ChatGPT Plus personal information privacy concerns
  ",,"
      0
      votes
    ",2,comments
2 mo. ago,https://www.reddit.com/r/privacy/comments/1b0ry4i/expecting_privacy_from_chatgpt_is_like_asking_the/,"
    ""Expecting privacy from ChatGPT is like asking the NSA to stop spying on citizens...""
  ",,"
      685
      votes
    ",59,comments
4 mo. ago,https://www.reddit.com/r/privacy/comments/18kn8w5/alternative_to_bard_or_chatgpt/,"
    Alternative to bard or chatgpt?
  ",,"
      22
      votes
    ",28,comments
10 days ago,https://www.reddit.com/r/privacy/comments/1btrfky/you_can_now_use_chatgpt_without_an_account/,"
    You can now use ChatGPT without an account
  ",,"
      124
      votes
    ",22,comments
1 yr. ago,https://www.reddit.com/r/privacy/comments/13orvdg/that_chatgpt_iphone_app_has_serious_privacy/,"
    That ChatGPT iPhone app has serious privacy issues you need to know about | Don't get too personal
  ",,"
      229
      votes
    ",30,comments
9 days ago,https://www.reddit.com/r/privacy/comments/1bun6yd/are_chatgpt_prompts_deidentified_or_can_we_expect/,"
    Are chatgpt prompts de-identified? Or can we expect to be cancelled based off questions we asked chatgpt 20 years from now…
  ",,"
      3
      votes
    ",8,comments
5 mo. ago,https://www.reddit.com/r/privacy/comments/17z2r77/what_are_your_thoughts_on_chatgpts_updated_terms/,"
    what are your thoughts on Chatgpt's updated Terms of Use and Privacy Policy
  ",,"
      7
      votes
    ",37,comments
1 yr. ago,https://www.reddit.com/r/privacy/comments/123vwlr/employees_are_feeding_sensitive_business_data_to/,"
    Employees Are Feeding Sensitive Business Data to ChatGPT
  ",,"
      294
      votes
    ",23,comments
10 mo. ago,https://www.reddit.com/r/privacy/comments/14f21jp/i_admit_to_liking_and_using_chatgpt_a_lot_from_a/,"
    I admit to liking and using ChatGPT a lot. From a privacy standpoint, just how much worse is it through OpenAI’s official app rather than their website?
  ",,"
      7
      votes
    ",14,comments
5 mo. ago,https://www.reddit.com/r/privacy/comments/17rh707/chatgpt_training_data_privacy/,"
    ChatGPT Training Data & Privacy
  ",,"
      5
      votes
    ",13,comments
1 yr. ago,https://www.reddit.com/r/privacy/comments/11ef7q4/boss_wants_me_to_use_chatgpt_for_work_but_i/,"
    Boss wants me to use ChatGPT for work, but I refuse to input my personal phone number. Any advice?
  ",,"
      27
      votes
    ",29,comments
1 yr. ago,https://www.reddit.com/r/privacy/comments/1033bud/chatgpt_data_collection/,"
    ChatGPT data collection
  ",,"
      30
      votes
    ",27,comments
3 mo. ago,https://www.reddit.com/r/privacy/comments/18yigtp/stylometry_aversion_using_chatgpt_llm/,"
    Stylometry Aversion Using ChatGPT / LLM
  ",,"
      2
      votes
    ",3,comments
1 yr. ago,https://www.reddit.com/r/privacy/comments/13k5xta/private_alternative_to_openais_chatgpt/,"
    Private alternative to OpenAI's ChatGPT
  ",,"
      4
      votes
    ",15,comments
4 mo. ago,https://www.reddit.com/r/privacy/comments/188gvcf/extracting_training_data_from_chatgpt/,"
    Extracting Training Data from ChatGPT
  ",,"
      9
      votes
    ",0,comments
1 yr. ago,https://www.reddit.com/r/privacy/comments/11fi01q/is_there_a_chatgpt_alternative_that_doesnt/,"
    Is there a chatgpt alternative that doesn't require using bing or creating an account?
  ",,"
      18
      votes
    ",29,comments
2 mo. ago,https://www.reddit.com/r/privacy/comments/1ag40j6/gptguard_open_source_privacypreserving_chatgpt/,"
    GPTGuard - Open source privacy-preserving ChatGPT
  ",,"
      0
      votes
    ",0,comments
8 mo. ago,https://www.reddit.com/r/privacy/comments/15k121t/what_selfhosted_private_alternatives_are_there_to/,"
    What self-hosted, private alternatives are there to ChatGPT?
  ",,"
      20
      votes
    ",8,comments
1 yr. ago,https://www.reddit.com/r/privacy/comments/12kvjy0/european_privacy_watchdog_creates_chatgpt_task/,"
    European privacy watchdog creates ChatGPT task force
  ",,"
      48
      votes
    ",21,comments
1 yr. ago,https://www.reddit.com/r/privacy/comments/11ohxeg/why_does_chat_gpt_need_a_phone_number/,"
    Why does Chat GPT need a phone number?
  ",,"
      23
      votes
    ",37,comments
1 yr. ago,https://www.reddit.com/r/privacy/comments/13pquy1/grammarly_and_chatgpt/,"
    Grammarly and ChatGPT
  ",,"
      0
      votes
    ",2,comments
7 mo. ago,https://www.reddit.com/r/privacy/comments/16amtgw/maxaime_and_other_chatgptai_extensions_and_apps/,"
    MaxAI.me and other ChatGPT/AI extensions and apps
  ",,"
      3
      votes
    ",27,comments
2 mo. ago,https://www.reddit.com/r/privacy/comments/1aelzwu/open_source_how_to_keep_your_chatgpt/,"
    Open Source: How to Keep Your ChatGPT Conversations Secure and Private?
  ",,"
      0
      votes
    ",0,comments
1 yr. ago,https://www.reddit.com/r/privacy/comments/13fb6yl/what_tips_should_you_remember_when_using_chatgpt/,"
    What tips should you remember when using ChatGPT?
  ",,"
      12
      votes
    ",8,comments
1 yr. ago,https://www.reddit.com/r/privacy/comments/12xrc4z/chatgpt_has_a_big_privacy_problem/,"
    ChatGPT Has a Big Privacy Problem
  ",,"
      19
      votes
    ",9,comments
1 yr. ago,https://www.reddit.com/r/privacy/comments/10my3z3/could_chatgpt_be_used_as_an_anonymizing_filter/,"
    Could ChatGPT be used as an anonymizing filter for human writing? A tool against stylometry, like an AI Anonymouth?
  ",,"
      1
      vote
    ",4,comments
1 yr. ago,https://www.reddit.com/r/privacy/comments/13m0kh1/why_you_shouldnt_trust_chatgpt_with_confidential/,"
    Why You Shouldn't Trust ChatGPT With Confidential Information
  ",,"
      35
      votes
    ",10,comments
2 mo. ago,https://www.reddit.com/r/privacy/comments/1ae2st1/italians_data_protection_regulator_declare_openai/,"
    Italian's Data Protection Regulator declare OpenAI breached GDPR when training ChatGPT on European's personal data
  ",,"
      31
      votes
    ",1,comment
1 yr. ago,https://www.reddit.com/r/privacy/comments/12bojlq/after_italy_germany_could_block_chatgpt_due_to/,"
    After Italy, Germany could block ChatGPT due to privacy issues
  ",,"
      42
      votes
    ",13,comments
1 yr. ago,https://www.reddit.com/r/privacy/comments/11l0fqz/chatgpt_is_coming_to_slack_thanks_to_salesforces/,"
    ChatGPT is coming to Slack thanks to Salesforce’s new deal with OpenAI
  ",,"
      30
      votes
    ",6,comments
1 yr. ago,https://www.reddit.com/r/privacy/comments/119y9x3/scammers_mimic_chatgpt_to_steal_business/,"
    Scammers Mimic ChatGPT to Steal Business Credentials
  ",,"
      37
      votes
    ",4,comments
8 mo. ago,https://www.reddit.com/r/privacy/comments/15g5ze8/aichat_gptbardbing_how_to_disguise_my_identity/,"
    AI/Chat GPT/Bard/Bing: How to disguise my identity?
  ",,"
      2
      votes
    ",13,comments
1 yr. ago,https://www.reddit.com/r/privacy/comments/127j0b9/italian_regulators_order_chatgpt_ban_over_alleged/,"
    Italian regulators order ChatGPT ban over alleged violation of data privacy laws
  ",,"
      17
      votes
    ",7,comments
4 days ago,https://www.reddit.com/r/privacy/comments/1bz324i/mostall_of_the_llms_ie_chatgpt_require_a_phone/,"
    Most/all of the LLMs (i.e., ChatGPT) require a phone number for signup. How are you handling that?
  ",,"
      3
      votes
    ",40,comments
1 yr. ago,https://www.reddit.com/r/privacy/comments/12c5ojj/announcement_office_of_the_privacy_commissioner/,"
    Announcement: Office of the Privacy Commissioner of Canada launches investigation into ChatGPT
  ",,"
      10
      votes
    ",6,comments
10 mo. ago,https://www.reddit.com/r/privacy/comments/14lps9u/chatgpt_maker_openai_faces_a_lawsuit_over_how_it/,"
    ChatGPT maker OpenAI faces a lawsuit over how it used people’s data
  ",,"
      4
      votes
    ",3,comments
1 yr. ago,https://www.reddit.com/r/privacy/comments/12sa29z/chatgpt_racking_up_privacy_complaints_in_eu/,"
    ChatGPT Racking Up Privacy Complaints in EU, Regulators Asked to Investigate
  ",,"
      18
      votes
    ",0,comments
1 yr. ago,https://www.reddit.com/r/privacy/comments/13j6b45/chatgpts_chief_to_testify_before_congress_as/,"
    ChatGPT's chief to testify before Congress as concerns grow about artificial intelligence risks
  ",,"
      6
      votes
    ",3,comments
10 mo. ago,https://www.reddit.com/r/privacy/comments/13zon2b/japan_privacy_watchdog_warns_chatgptmaker_openai/,"
    Japan privacy watchdog warns ChatGPT-maker OpenAI on user data
  ",,"
      479
      votes
    ",23,comments
1 yr. ago,https://www.reddit.com/r/privacy/comments/1258omg/chatgpt_data_breach_confirmed_as_security_firm/,"
    ChatGPT Data Breach Confirmed as Security Firm Warns of Vulnerable Component Exploitation
  ",,"
      2
      votes
    ",0,comments
1 yr. ago,https://www.reddit.com/r/privacy/comments/11yja10/openai_has_disabled_chatgpts_privacy_history/,"
    OpenAI has disabled ChatGPT’s privacy history, almost certainly because they had a security flaw where users were seeing each others’ histories.
  ",,"
      16
      votes
    ",7,comments
1 yr. ago,https://www.reddit.com/r/privacy/comments/12rs4jo/more_use_cases_for_fhe_in_privacy_making_chatgpt/,"
    More use cases for FHE in privacy — “Making ChatGPT Encrypted End-to-end with Homomorphic encryption”
  ",,"
      23
      votes
    ",3,comments
1 yr. ago,https://www.reddit.com/r/privacy/comments/10yo655/chatgpt_is_a_data_privacy_nightmare_and_we_ought/,"
    ChatGPT is a data privacy nightmare, and we ought to be concerned
  ",,"
      37
      votes
    ",11,comments
1 yr. ago,https://www.reddit.com/r/privacy/comments/13lorwk/is_there_a_chatgpt_or_other_llms_powered/,"
    Is there a Chatgpt (or other LLMs) powered application in the field of cybersecurity/privacy for end users/b2c?
  ",,"
      3
      votes
    ",4,comments
1 yr. ago,https://www.reddit.com/r/privacy/comments/13kilc7/what_does_openai_do_with_the_data_you_give_them/,"
    What does OpenAI do with the data you give them?
  ",,"
      195
      votes
    ",45,comments
1 yr. ago,https://www.reddit.com/r/privacy/comments/12ctch9/risk_of_chatgpt_personal_data_leaks_to_be/,"
    Risk of ChatGPT personal data leaks to be monitored, Hong Kong’s privacy watchdog says in wake of Italy’s ban
  ",,"
      110
      votes
    ",2,comments
1 yr. ago,https://www.reddit.com/r/privacy/comments/132etv0/people_leaving_snapchat_among_privacy_concerns/,"
    People leaving snapchat among privacy concerns caused by their ai chatbot
  ",,"
      14
      votes
    ",8,comments
10 days ago,https://www.reddit.com/r/privacy/comments/1btyffn/collage_forces_a_wifi_certificate_would_a_new/,"
    Collage forces a Wi-fi Certificate, would a new macbook user help ?
  ",,"
      0
      votes
    ",23,comments
9 mo. ago,https://www.reddit.com/r/privacy/comments/15divl1/when_i_use_an_email_client_can_the_apps_developer/,"
    When I use an email client, can the app’s developer read what I receive?
  ",,"
      6
      votes
    ",26,comments
2 mo. ago,https://www.reddit.com/r/privacy/comments/1axystx/good_llms_running_on_consumergrade_cpus/,"
    Good LLMs running on consumer-grade CPUs?
  ",,"
      0
      votes
    ",5,comments
1 yr. ago,https://www.reddit.com/r/privacy/comments/10wyev9/so_microsoft_wants_users_to_set_microsoft/,"
    So Microsoft wants users to set Microsoft defaults on their PC and install Bing App on their mobile to get early access to GPT4 on Bing..
  ",,"
      19
      votes
    ",16,comments
3 mo. ago,https://www.reddit.com/r/privacy/comments/1980mqn/why_bother_with_ublock_origin_being_blocked_in/,"
    Why Bother With uBlock Origin Being Blocked In Chrome? Now Is The Best Time To Switch To Firefox
  ",,"
      1.2K
      votes
    ",170,comments
1 mo. ago,https://www.reddit.com/r/privacy/comments/1bbm5nz/what_free_services_should_i_register_for_that/,"
    What free services should I register for that require a phone number while I have burner phone service, just to have an account should I need it in future?
  ",,"
      6
      votes
    ",1,comment
1 yr. ago,https://www.reddit.com/r/privacy/comments/zod101/nonvoip_gatekeepers_are_more_common_have_you/,"
    Non-voip gatekeepers are more common. Have you found ways around this?
  ",,"
      11
      votes
    ",4,comments
4 mo. ago,https://www.reddit.com/r/privacy/comments/18obef2/how_do_you_respond_to_but_i_have_nothing_to_hide/,"
    How do you respond to "" But I have nothing to hide ""
  ",,"
      457
      votes
    ",379,comments
1 yr. ago,https://www.reddit.com/r/privacy/comments/13qoikv/worried_about_sending_your_data_to_a_chatbot/,"
    Worried About Sending Your Data to a Chatbot? 'PrivateGPT' Is Here
  ",,"
      39
      votes
    ",15,comments
1 yr. ago,https://www.reddit.com/r/privacy/comments/10uck0t/using_the_new_bing_search_tool_conserns/,"
    using the new Bing search tool - conserns
  ",,"
      0
      votes
    ",3,comments
1 yr. ago,https://www.reddit.com/r/privacy/comments/10b3x9a/poisoning_data/,"
    Poisoning data
  ",,"
      0
      votes
    ",2,comments
2 mo. ago,https://www.reddit.com/r/privacy/comments/1aoczvv/what_did_you_pay_for_that_is_worth_the_money/,"
    What did you pay for that is worth the money?
  ",,"
      206
      votes
    ",173,comments
12 days ago,https://www.reddit.com/r/privacy/comments/1bsgvjv/openai_holds_back_public_release_of_tech_that_can/,"
    OpenAI holds back public release of tech that can clone someone's voice in 15 seconds due to safety concerns
  ",,"
      683
      votes
    ",85,comments
1 yr. ago,https://www.reddit.com/r/privacy/comments/13jyhew/google_sued_over_interception_of_abortion_data_on/,"
    Google sued over 'interception' of abortion data on Planned Parenthood website | Plaintiff claims they didn't consent to analytics tracking
  ",,"
      1.6K
      votes
    ",64,comments
1 yr. ago,https://www.reddit.com/r/privacy/comments/13bgf1n/why_microsoft_collect_the_data_in_the_form_of_xml/,"
    why Microsoft collect the Data in the form of XML stating that it would used for Alaysis True / false
  ",,"
      0
      votes
    ",3,comments
1 yr. ago,https://www.reddit.com/r/privacy/comments/11e3pov/this_major_encryption_boost_means_that_even_gmail/,"
    This major encryption boost means that even Gmail can't read your emails
  ",,"
      617
      votes
    ",87,comments
7 mo. ago,https://www.reddit.com/r/privacy/comments/168ssed/bing_ai_on_desktop_edge_browser_tweaks_for/,"
    Bing AI on desktop Edge browser: tweaks for relative privacy gains?
  ",,"
      2
      votes
    ",5,comments
1 yr. ago,https://www.reddit.com/r/privacy/comments/1322s5h/breaking_german_enigma_encryption/,"
    Breaking German Enigma Encryption
  ",,"
      12
      votes
    ",12,comments
5 mo. ago,https://www.reddit.com/r/privacy/comments/182n9fh/google_takeout_not_providing_all_data/,"
    Google Takeout not providing all data?
  ",,"
      1
      vote
    ",1,comment
1 yr. ago,https://www.reddit.com/r/privacy/comments/10yiw3s/app_and_website_privacy_policy_agreements_are/,"
    App and website privacy policy agreements are deliberately long and unreadable. You have to agree to stuff you can't even read, neither do anything about it. What can be done with that?
  ",,"
      30
      votes
    ",15,comments
8 mo. ago,https://www.reddit.com/r/privacy/comments/15zhbp6/my_experience_with_riseupnet_banned/,"
    My experience with Riseup.net - banned
  ",,"
      1
      vote
    ",0,comments
1 yr. ago,https://www.reddit.com/r/privacy/comments/13vzbhm/i_feel_constantly_watched_the_employees_working/,"
    ‘I feel constantly watched’: the employees working under surveillance. Monitoring software has become more common since the pandemic – but are activity scores the best way to measure productivity?
  ",,"
      700
      votes
    ",57,comments
10 mo. ago,https://www.reddit.com/r/privacy/comments/141qlis/homomorphic_encryption_universality_at_a_cost/,"
    Homomorphic Encryption: Universality at a Cost
  ",,"
      6
      votes
    ",9,comments
1 yr. ago,https://www.reddit.com/r/privacy/comments/10idun9/data_privacy_doubts_regarding_using_commercial/,"
    Data privacy doubts regarding using commercial LLM services like OpenAI
  ",,"
      6
      votes
    ",2,comments
1 yr. ago,https://www.reddit.com/r/privacy/comments/10wsh44/genuine_question_is_neeva_actually_private/,"
    Genuine Question: is Neeva actually private?
  ",,"
      6
      votes
    ",6,comments
5 mo. ago,https://www.reddit.com/r/privacy/comments/17x4qd4/temu_appthey_got_me/,"
    Temu App….they got me
  ",,"
      58
      votes
    ",118,comments
2 mo. ago,https://www.reddit.com/r/privacy/comments/1amh7g1/will_someone_sue_me_because_of_openai/,"
    Will someone sue me because of OpenAI?
  ",,"
      0
      votes
    ",21,comments
9 mo. ago,https://www.reddit.com/r/privacy/comments/14sx4pt/data_protection_considerations_when_using_llms_an/,"
    Data protection considerations when using LLMs - an open discussion
  ",,"
      1
      vote
    ",2,comments
1 yr. ago,https://www.reddit.com/r/privacy/comments/13815v0/therapy_apps_are_still_failing_their_privacy/,"
    Therapy apps are still failing their privacy checkups / Mozilla research says many of the top mental health and therapy apps still have subpar privacy and security practices.
  ",,"
      232
      votes
    ",6,comments
17 days ago,https://www.reddit.com/r/privacy/comments/1bofrzc/what_virtual_card_company_should_i_use/,"
    What virtual card company should I use?
  ",,"
      57
      votes
    ",31,comments
4 mo. ago,https://www.reddit.com/r/privacy/comments/18ey97o/can_anyone_please_advise_a_way_to_make_group/,"
    Can anyone please advise a way to make group calls with e2ee?
  ",,"
      0
      votes
    ",3,comments
1 yr. ago,https://www.reddit.com/r/privacy/comments/zfakt1/why_software_security_keys_are_not_more_widely/,"
    Why software security keys are not more widely used if they are more private?
  ",,"
      2
      votes
    ",1,comment
4 mo. ago,https://www.reddit.com/r/privacy/comments/18qumtj/where_does_getcontact_gets_its_data_from/,"
    Where does getcontact gets its data from?
  ",,"
      4
      votes
    ",0,comments
1 yr. ago,https://www.reddit.com/r/privacy/comments/12a4nvh/what_is_that_one_proprietary_app_that_you_still/,"
    What is “that one proprietary app” that you still (have to) use?
  ",,"
      47
      votes
    ",104,comments
10 mo. ago,https://www.reddit.com/r/privacy/comments/14m6a3m/cognitive_liberty_is_the_human_right_we_need_to/,"
    'Cognitive Liberty' Is the Human Right We Need to Talk About
  ",,"
      5
      votes
    ",1,comment
2 mo. ago,https://www.reddit.com/r/privacy/comments/1amz8zt/which_chromechromiumbased_browser_when_necessary/,"
    Which Chrome/Chromium-based browser when necessary?
  ",,"
      1
      vote
    ",38,comments
1 yr. ago,https://www.reddit.com/r/privacy/comments/10thucq/wondering_about_the_future_of_privacy_search/,"
    Wondering About the Future of Privacy Search Engines
  ",,"
      4
      votes
    ",14,comments
25 days ago,https://www.reddit.com/r/privacy/comments/1bhrsgp/the_war_on_informality_what_7_hours_in_london/,"
    The War on Informality: What 7 hours in London teaches me about surveillance capitalism
  ",,"
      128
      votes
    ",14,comments
9 mo. ago,https://www.reddit.com/r/privacy/comments/14q8cqo/if_i_login_with_google_on_a_website_what_kind_of/,"
    If I login with Google on a website, what kind of my personal data from that site will Google have access to?
  ",,"
      2
      votes
    ",0,comments
6 mo. ago,https://www.reddit.com/r/privacy/comments/16y8vhx/is_linux_truly_the_best_privacy_alternative_for/,"
    Is Linux Truly The Best Privacy Alternative For The Average User?
  ",,"
      32
      votes
    ",57,comments
8 mo. ago,https://www.reddit.com/r/privacy/comments/15fj7dn/does_anyone_know_of_a_matrix_client_with_a/,"
    Does anyone know of a Matrix client with a functional voice chat?
  ",,"
      2
      votes
    ",3,comments
1 yr. ago,https://www.reddit.com/r/privacy/comments/133xzqr/linguist_50_addon_to_translate_and_learn/,"
    Linguist 5.0 - addon to translate and learn languages with respect to privacy
  ",,"
      18
      votes
    ",2,comments
1 yr. ago,https://www.reddit.com/r/privacy/comments/11okj61/openais_massive_data_grab/,"
    OpenAI’s Massive Data Grab
  ",,"
      545
      votes
    ",31,comments
4 mo. ago,https://www.reddit.com/r/privacy/comments/18tke3u/enhance_security_and_privacy_on_android_devices/,"
    Enhance security and privacy on Android devices used by elders
  ",,"
      4
      votes
    ",5,comments
1 yr. ago,https://www.reddit.com/r/privacy/comments/11s0p0s/i_want_to_use_the_new_bing_ai_but_i_dont_want_the/,"
    I want to use the new Bing AI but I don’t want the privacy issues.
  ",,"
      4
      votes
    ",12,comments
3 mo. ago,https://www.reddit.com/r/privacy/comments/19dfnnk/fell_down_the_privacysecurity_rabbit_hole_anybody/,"
    Fell down the privacy/security rabbit hole.. Anybody mind giving me some advice?
  ",,"
      25
      votes
    ",22,comments
2 mo. ago,https://www.reddit.com/r/privacy/comments/1atjta5/a_fun_way_to_negate_the_usefulness_of_your_reddit/,"
    A fun way to negate the usefulness of your Reddit posts as training data for AI
  ",,"
      38
      votes
    ",26,comments
9 mo. ago,https://www.reddit.com/r/privacy/comments/14z59ok/need_help_getting_sensitive_photos_removed_from/,"
    Need help getting sensitive photos removed from Internet Archive
  ",,"
      9
      votes
    ",46,comments
3 mo. ago,https://www.reddit.com/r/privacy/comments/19anpuw/samsung_galaxy_s24_ai_thoughts_on_privacy/,"
    Samsung Galaxy S24 AI: Thoughts on privacy?
  ",,"
      28
      votes
    ",18,comments
4 mo. ago,https://www.reddit.com/r/privacy/comments/18gpc41/what_would_you_recommend_for_a_combination_of/,"
    What would you recommend for a combination of cloud storage, local storage, and backup?
  ",,"
      13
      votes
    ",17,comments
5 mo. ago,https://www.reddit.com/r/privacy/comments/17nrc4c/will_ai_llms_or_a_future_iteration_of_them/,"
    Will AI LLMs or a future iteration of them actually make the internet way more private?
  ",,"
      5
      votes
    ",7,comments
2 mo. ago,https://www.reddit.com/r/privacy/comments/1asgm41/what_to_do_after_your_phone_gets_stolen/,"
    What to do after your phone gets stolen?
  ",,"
      21
      votes
    ",8,comments
1 yr. ago,https://www.reddit.com/r/privacy/comments/13b2mkk/silicon_valleys_hail_mary_moment_ai_is_silicon/,"
    Silicon Valley's Hail Mary moment. AI is Silicon Valley's last-ditch attempt to avoid a stock market wipeout. [BusinessInsider archive]
  ",,"
      32
      votes
    ",4,comments
4 mo. ago,https://www.reddit.com/r/privacy/comments/18gp6ke/telegram_and_deleted_accounts/,"
    Telegram and deleted accounts
  ",,"
      0
      votes
    ",18,comments
4 mo. ago,https://www.reddit.com/r/privacy/comments/189uo05/grammar_checker_that_doesnt_store_my_text/,"
    Grammar Checker that doesn't store my text?
  ",,"
      17
      votes
    ",7,comments
10 mo. ago,https://www.reddit.com/r/privacy/comments/141ebr1/much_easier_to_say_no_irish_town_unites_in/,"
    ‘Much easier to say no’: Irish town unites in smartphone ban for young children | Smartphones | The Guardian
  ",,"
      166
      votes
    ",18,comments
6 mo. ago,https://www.reddit.com/r/privacy/comments/170w1gf/open_source_project_for_fully_local_llm_in/,"
    Open source project for fully local LLM in browser for privacy guarantees
  ",,"
      68
      votes
    ",12,comments
10 mo. ago,https://www.reddit.com/r/privacy/comments/14nmmzj/wtf_merchants_i_havent_used_in_years_are_doing/,"
    WTF!! Merchants I haven’t used in years are doing soft credit checks regularly
  ",,"
      68
      votes
    ",21,comments
4 mo. ago,https://www.reddit.com/r/privacy/comments/18i8988/dropbox_spooks_users_with_new_ai_features_that/,"
    Dropbox spooks users with new AI features that send data to OpenAI when used
  ",,"
      365
      votes
    ",57,comments
3 mo. ago,https://www.reddit.com/r/privacy/comments/191eu85/can_you_hide_your_life360_location_from_one_person/,"
    Can you hide your Life360 location from one person?
  ",,"
      6
      votes
    ",7,comments
1 yr. ago,https://www.reddit.com/r/privacy/comments/zy00fw/10_minute_email_but_for_numbers/,"
    10 minute email, but for numbers?
  ",,"
      10
      votes
    ",24,comments
4 mo. ago,https://www.reddit.com/r/privacy/comments/18pjjhz/what_kind_of_information_does_steam_collect/,"
    What kind of information does Steam collect?
  ",,"
      0
      votes
    ",6,comments
28 days ago,https://www.reddit.com/r/privacy/comments/1bfnjex/hackers_can_read_private_aiassistant_chats_even/,"
    Hackers can read private AI-assistant chats even though they’re encrypted
  ",,"
      60
      votes
    ",6,comments
10 mo. ago,https://www.reddit.com/r/privacy/comments/144amd7/is_an_esim_is_more_secure_than_a_physical_sim/,"
    Is an e-sim is more secure than a physical sim?
  ",,"
      23
      votes
    ",28,comments
5 mo. ago,https://www.reddit.com/r/privacy/comments/180uvr0/this_is_how_many_times_google_had_to_hand/,"
    This is How Many Times Google Had To Hand Personal Data 'upon request' Last Year.
  ",,"
      35
      votes
    ",7,comments
7 mo. ago,https://www.reddit.com/r/privacy/comments/169yl3s/smartcam_in_hotel_room/,"
    Smartcam in hotel room?
  ",,"
      10
      votes
    ",10,comments
7 mo. ago,https://www.reddit.com/r/privacy/comments/16i6ndj/urgent_warning_beware_of_temu_cctv_cameras/,"
    Urgent Warning: Beware of Temu CCTV Cameras - Protect Your Privacy!
  ",,"
      24
      votes
    ",7,comments
1 yr. ago,https://www.reddit.com/r/privacy/comments/138njap/can_we_stop_reddit_from_selling_our_data_to_ai/,"
    Can we stop Reddit from selling our data to AI Companies?
  ",,"
      92
      votes
    ",40,comments
1 yr. ago,https://www.reddit.com/r/privacy/comments/13nzwg7/what_should_i_go_to_college_for/,"
    What should I go to college for?
  ",,"
      6
      votes
    ",19,comments
8 mo. ago,https://www.reddit.com/r/privacy/comments/163rkom/just_an_experiment_the_first_secret_code_is/,"
    Just an experiment (the first secret code is: secretcode123)
  ",,"
      2
      votes
    ",7,comments
7 mo. ago,https://www.reddit.com/r/privacy/comments/16ag90k/ios_adp_turned_on_but_do_not_need_recovery_key_to/,"
    IOS ADP Turned on but do not need recovery key to restore from backup?
  ",,"
      1
      vote
    ",7,comments
1 yr. ago,https://www.reddit.com/r/privacy/comments/134o4i1/messaging_app_with_screen_sharing/,"
    Messaging app with screen sharing?
  ",,"
      0
      votes
    ",2,comments
9 mo. ago,https://www.reddit.com/r/privacy/comments/15bka0u/preventionspoofing_against_browser_fingerprinting/,"
    Prevention/Spoofing against browser fingerprinting
  ",,"
      5
      votes
    ",8,comments
10 mo. ago,https://www.reddit.com/r/privacy/comments/14fe6ud/behind_the_oneway_mirror_a_deep_dive_into_the/,"
    Behind the One-Way Mirror: A Deep Dive Into the Technology of Corporate Surveillance
  ",,"
      29
      votes
    ",1,comment
1 yr. ago,https://www.reddit.com/r/privacy/comments/10el9xf/tracker_control_aguard_dns_private_and_google/,"
    Tracker Control, Aguard DNS (private) and Google, nothing works, but everything is working...
  ",,"
      2
      votes
    ",1,comment
3 mo. ago,https://www.reddit.com/r/privacy/comments/1abvoy3/private_messenger_that_doesnt_use_annoying/,"
    Private messenger that doesn’t use annoying bubbles for chats?
  ",,"
      2
      votes
    ",4,comments
1 yr. ago,https://www.reddit.com/r/privacy/comments/12lz54f/why_do_users_dont_take_the_privacy_compromise/,"
    Why do users don't take the privacy compromise which comes with every browser extension seriously? Every browser extension at least needs this permission: ""Read and change all your data on all websites"" which includes sharing all your browsing history too.
  ",,"
      9
      votes
    ",8,comments
10 mo. ago,https://www.reddit.com/r/privacy/comments/14ebvhf/meta_adds_privacy_checkup_feature_to_whatsapp/,"
    Meta adds Privacy Checkup feature to WhatsApp
  ",,"
      3
      votes
    ",4,comments
1 yr. ago,https://www.reddit.com/r/privacy/comments/1103941/what_are_prominent_privacy_scandals_since_the_era/,"
    What are prominent privacy scandals since the era of the internet started?
  ",,"
      5
      votes
    ",11,comments
1 yr. ago,https://www.reddit.com/r/privacy/comments/10w31zi/would_you_actually_publish_your_uncensored/,"
    Would you actually publish your uncensored thoughts?
  ",,"
      28
      votes
    ",8,comments
1 yr. ago,https://www.reddit.com/r/privacy/comments/10katdl/the_bullhorn_awards_wickr_wins_session_comes/,"
    The Bullhorn Awards: Wickr wins, Session comes second
  ",,"
      1
      vote
    ",6,comments
2 mo. ago,https://www.reddit.com/r/privacy/comments/1aywjbe/game_companies_collecting_user_data_can_go_to_heck/,"
    Game companies collecting user data can go to heck
  ",,"
      355
      votes
    ",54,comments
3 yr. ago,https://www.reddit.com/r/privacy/comments/pv98yw/shredder_recommendded_by_inteltechniques/,"
    Shredder recommendded by Inteltechniques
  ",,"
      1
      vote
    ",15,comments
1 yr. ago,https://www.reddit.com/r/privacy/comments/132q2zd/what_does_your_gaze_reveal_about_you_on_the/,"
    What Does Your Gaze Reveal About You? On the Privacy Implications of Eye Tracking
  ",,"
      59
      votes
    ",4,comments
1 yr. ago,https://www.reddit.com/r/privacy/comments/z9it6m/bypass_smsphone_verification_free_no_signup/,"
    Bypass SMS/Phone Verification Free (No signup)
  ",,"
      77
      votes
    ",27,comments
4 mo. ago,https://www.reddit.com/r/privacy/comments/18cdfh6/does_the_snapchat_my_ai_feature_make_you/,"
    Does the SnapChat My AI feature make you uncomfortable?
  ",,"
      0
      votes
    ",3,comments
4 mo. ago,https://www.reddit.com/r/privacy/comments/189l0uw/other_than_credit_bureaus_lexisnexis_and/,"
    Other than Credit Bureaus, LexisNexis, and WorkNumber, what other companies can I request reports about my information from?
  ",,"
      3
      votes
    ",1,comment
9 mo. ago,https://www.reddit.com/r/privacy/comments/150ezh7/wordpress_plugin_installed_on_1_million_sites/,"
    WordPress plugin installed on 1 million+ sites logged plaintext passwords
  ",,"
      14
      votes
    ",2,comments
4 mo. ago,https://www.reddit.com/r/privacy/comments/18jcjx2/voice_changer_app_for_phone_calls_voice_calls_apps/,"
    Voice changer app, for phone calls & voice calls apps ?
  ",,"
      3
      votes
    ",0,comments
5 mo. ago,https://www.reddit.com/r/privacy/comments/182q1sm/ditching_the_internet_or_pausing_what_you_post_or/,"
    Ditching the internet? Or pausing what you post or comment on. Tag: does not match
  ",,"
      9
      votes
    ",3,comments
8 mo. ago,https://www.reddit.com/r/privacy/comments/15pmgxd/can_isp_see_mega_app_downloads/,"
    Can ISP see mega app downloads?
  ",,"
      1
      vote
    ",1,comment
4 mo. ago,https://www.reddit.com/r/privacy/comments/18mal76/npr_artificial_intelligence_can_find_your/,"
    NPR: Artificial intelligence can find your location in photos, worrying privacy experts
  ",,"
      39
      votes
    ",11,comments
10 mo. ago,https://www.reddit.com/r/privacy/comments/14ja42v/in_this_hypothetical_scenario_can_you_guarantee/,"
    In this hypothetical scenario, can you guarantee your anonimity?
  ",,"
      6
      votes
    ",21,comments
1 yr. ago,https://www.reddit.com/r/privacy/comments/13kweue/french_courts_approval_of_olympics_ai/,"
    French court’s approval of Olympics AI surveillance plan fuels privacy concerns
  ",,"
      19
      votes
    ",0,comments
1 yr. ago,https://www.reddit.com/r/privacy/comments/10mg6qc/main_french_consumer_organisation_launched_a/,"
    Main French consumer organisation launched a campaign to raise awareness among Internet users about the use of their personal data
  ",,"
      84
      votes
    ",2,comments
9 mo. ago,https://www.reddit.com/r/privacy/comments/14qjlbg/alternatives_to_startpages_anonymous_view/,"
    Alternatives to startpage's anonymous view?
  ",,"
      3
      votes
    ",1,comment
1 yr. ago,https://www.reddit.com/r/privacy/comments/13yb78l/reddit_will_charge_hefty_fees_to_the_many/,"
    Reddit will charge hefty fees to the many third-party apps that access its data
  ",,"
      172
      votes
    ",10,comments
9 mo. ago,https://www.reddit.com/r/privacy/comments/14y99wr/how_to_remove_personal_info_from_411locatecom/,"
    How to remove personal info from 411locate.com?
  ",,"
      2
      votes
    ",9,comments
4 mo. ago,https://www.reddit.com/r/privacy/comments/187gjak/i_stopped_using_canary_mail/,"
    I stopped using canary mail
  ",,"
      6
      votes
    ",7,comments
1 mo. ago,https://www.reddit.com/r/privacy/comments/1b63r1g/googles_outdated_content_removal_only_halfway/,"
    Google's outdated content removal only halfway working
  ",,"
      8
      votes
    ",5,comments
2 mo. ago,https://www.reddit.com/r/privacy/comments/1affzab/seeking_advice_on_securely_uploading_media_files/,"
    Seeking Advice on Securely Uploading Media Files to Cloud: Concerns with Google and Mega Scanning, Encryption Methods, and Easy-to-Use Alternatives
  ",,"
      1
      vote
    ",11,comments
10 mo. ago,https://www.reddit.com/r/privacy/comments/14fo40p/speechtotext_android_app_with_offline_mode/,"
    Speech-to-text android app with offline mode
  ",,"
      1
      vote
    ",2,comments
9 mo. ago,https://www.reddit.com/r/privacy/comments/155huzh/doh_vs_dnscrypt/,"
    Doh vs DNScrypt
  ",,"
      1
      vote
    ",1,comment
3 mo. ago,https://www.reddit.com/r/privacy/comments/18y2gns/32_sask_students_outed_as_transgender_due_to/,"
    32 Sask. students outed as transgender due to Edsby glitch: privacy commissioner
  ",,"
      2
      votes
    ",11,comments
8 mo. ago,https://www.reddit.com/r/privacy/comments/15ryf1e/zoom_can_spy_on_your_calls_and_use_the/,"
    Zoom Can Spy on Your Calls and Use the Conversation to Train AI, But Says That It Won’t
  ",,"
      51
      votes
    ",7,comments
2 mo. ago,https://www.reddit.com/r/privacy/comments/1an71ou/how_walmart_delta_chevron_and_starbucks_are_using/,"
    How Walmart, Delta, Chevron and Starbucks are using AI to monitor employee messages
  ",,"
      40
      votes
    ",5,comments
1 yr. ago,https://www.reddit.com/r/privacy/comments/10tv0q1/cloudflare_blocking_private_setups/,"
    Cloudflare blocking private setups?
  ",,"
      2
      votes
    ",11,comments
7 mo. ago,https://www.reddit.com/r/privacy/comments/16ngc2m/38tb_of_data_accidentally_exposed_by_microsoft_ai/,"
    38TB of data accidentally exposed by Microsoft AI researchers | Wiz Blog
  ",,"
      17
      votes
    ",1,comment
8 mo. ago,https://www.reddit.com/r/privacy/comments/164cezd/session_app_message_just_disappeared/,"
    Session app message just disappeared
  ",,"
      0
      votes
    ",1,comment
1 yr. ago,https://www.reddit.com/r/privacy/comments/13194ib/cloud_data_encryption_information/,"
    Cloud Data Encryption Information?
  ",,"
      4
      votes
    ",3,comments
1 yr. ago,https://www.reddit.com/r/privacy/comments/10v6865/chatcontrol_is_getting_worse/,"
    Chatcontrol is getting worse
  ",,"
      44
      votes
    ",7,comments
3 mo. ago,https://www.reddit.com/r/privacy/comments/1950t74/is_it_illegal_for_a_district_to_not_provide_an/,"
    Is it illegal for a district to not provide an opt-out for monitoring software such as GoGuardian?
  ",,"
      0
      votes
    ",7,comments
9 mo. ago,https://www.reddit.com/r/privacy/comments/14wu8ao/certain_vbulletinxenforo_forum_with_quick/,"
    Certain vBulletin/Xenforo forum with 'quick response' box will upload stuff from your clipboard as an image without confirmation.
  ",,"
      2
      votes
    ",0,comments
1 yr. ago,https://www.reddit.com/r/privacy/comments/12xrczq/how_the_netherlands_is_taming_big_tech/,"
    How the Netherlands Is Taming Big Tech
  ",,"
      5
      votes
    ",4,comments
7 mo. ago,https://www.reddit.com/r/privacy/comments/16ngr9w/how_can_i_make_a_telegram_account_for_free/,"
    how can i make a telegram account for free without my number ?
  ",,"
      2
      votes
    ",1,comment
10 mo. ago,https://www.reddit.com/r/privacy/comments/14h8bvh/where_does_similarweb_truly_get_its_majority_of/,"
    Where does SimilarWeb truly get its majority of data from?
  ",,"
      10
      votes
    ",3,comments
2 mo. ago,https://www.reddit.com/r/privacy/comments/1avcs10/2fa_doesnt_work_for_web_snapchat/,"
    2fa doesn't work for Web Snapchat
  ",,"
      3
      votes
    ",5,comments
9 mo. ago,https://www.reddit.com/r/privacy/comments/154u5hx/google_starts_the_next_phase_of_its_plan_to_kill/,"
    Google starts the next phase of its plan to kill third-party cookies
  ",,"
      33
      votes
    ",2,comments
5 mo. ago,https://www.reddit.com/r/privacy/comments/17siovq/siri_remote_registers_what_i_said_before_pressing/,"
    Siri remote registers what i said before pressing the mic button
  ",,"
      0
      votes
    ",2,comments
23 days ago,https://www.reddit.com/r/privacy/comments/1bjxjek/is_there_a_scriptappextension_that_allows_you_to/,"
    Is there a script/app/extension that allows you to randomize the information that i.e. google gets from you?
  ",,"
      3
      votes
    ",3,comments
1 mo. ago,https://www.reddit.com/r/privacy/comments/1bdxrsv/what_am_i_missing_private_browsing/,"
    What am I missing? (Private browsing)
  ",,"
      1
      vote
    ",6,comments
4 mo. ago,https://www.reddit.com/r/privacy/comments/189vi1w/is_there_any_handwriting_app_which_is_like/,"
    Is there any handwriting app which is like alternative for GoodNotes for an Ipad?
  ",,"
      2
      votes
    ",2,comments
8 mo. ago,https://www.reddit.com/r/privacy/comments/15ogeu5/is_it_just_me_or_has_google_began_linking/,"
    Is it just me, or has Google began linking Recaptcha with analytics.google.com?
  ",,"
      4
      votes
    ",3,comments
9 mo. ago,https://www.reddit.com/r/privacy/comments/14r812w/open_letter_from_security_and_privacy_researchers/,"
    Open Letter from Security and Privacy Researchers in relation to the UK Online Safety Bill
  ",,"
      4
      votes
    ",2,comments
9 mo. ago,https://www.reddit.com/r/privacy/comments/1526p3w/a_new_software_tool_to_protect_on_pub_wifi/,"
    A new software tool to protect on pub Wifi
  ",,"
      3
      votes
    ",5,comments
2 mo. ago,https://www.reddit.com/r/privacy/comments/1ay1gvz/are_there_privacy_concerns_with_reddit_going/,"
    Are there Privacy Concerns with Reddit Going Public and AI in Play?
  ",,"
      14
      votes
    ",13,comments
1 yr. ago,https://www.reddit.com/r/privacy/comments/1362ubw/psa_about_a_possible_concerning_reddit_bug_chats/,"
    PSA about a possible concerning reddit bug: chats showing other user's DMs
  ",,"
      6
      votes
    ",4,comments
9 mo. ago,https://www.reddit.com/r/privacy/comments/14r66g8/programmatic_data_privacy/,"
    “Programmatic data privacy”
  ",,"
      1
      vote
    ",9,comments
5 mo. ago,https://www.reddit.com/r/privacy/comments/182mo25/chinas_ministry_of_state_security_reveals/,"
    China's Ministry of State Security Reveals National Security Threats Posed by Artificial Intelligence
  ",,"
      31
      votes
    ",25,comments
4 mo. ago,https://www.reddit.com/r/privacy/comments/18n511b/how_can_you_do_voice_to_text_without_while/,"
    How can you do voice to text without while keeping your privacy?
  ",,"
      0
      votes
    ",11,comments
4 mo. ago,https://www.reddit.com/r/privacy/comments/18bx55e/what_is_up_with_msncn_cookies/,"
    What is up with MSN.cn cookies
  ",,"
      2
      votes
    ",6,comments
1 yr. ago,https://www.reddit.com/r/privacy/comments/13n5n8l/neeva_search_engine_with_a_privacy_and_ai_focus/,"
    Neeva (search engine with a privacy and AI focus) is shutting down
  ",,"
      12
      votes
    ",8,comments
1 yr. ago,https://www.reddit.com/r/privacy/comments/11a5mps/share_your_experience_working_with_a_consent/,"
    Share your experience working with a Consent Management Platform (CMP)?
  ",,"
      1
      vote
    ",0,comments
3 mo. ago,https://www.reddit.com/r/privacy/comments/1939ei5/how_can_i_scan_some_documents_as_a_pdf_with_my/,"
    How can I scan some documents as a pdf with my phone in the most private why? Which app is the way to go?
  ",,"
      0
      votes
    ",9,comments
9 mo. ago,https://www.reddit.com/r/privacy/comments/14p4mqm/should_i_setup_google_mdm_for_a_work_account_in/,"
    Should I setup Google MDM for a work account in my personal phone?
  ",,"
      2
      votes
    ",5,comments
2 mo. ago,https://www.reddit.com/r/privacy/comments/1awf41w/imessage_with_pq3_the_new_state_of_the_art_in/,"
    iMessage with PQ3: The new state of the art in quantum-secure messaging at scale
  ",,"
      10
      votes
    ",1,comment
9 mo. ago,https://www.reddit.com/r/privacy/comments/14vbli1/do_you_think_its_possible_to_break_down_the/,"
    Do you think it's possible to break down the monopolies of Facebook and Google?
  ",,"
      8
      votes
    ",19,comments
1 yr. ago,https://www.reddit.com/r/privacy/comments/12hpg6q/is_opening_up_amazon_sidewalk_to_thirdparty/,"
    Is Opening Up Amazon Sidewalk To Third-Party Developers Safe?
  ",,"
      4
      votes
    ",1,comment
5 mo. ago,https://www.reddit.com/r/privacy/comments/17zzvi8/peekyou_engages_in_cloaking_to_manipulate_search/,"
    PeekYou Engages in Cloaking to Manipulate Search Indexing on Their People Search Site
  ",,"
      14
      votes
    ",1,comment
7 mo. ago,https://www.reddit.com/r/privacy/comments/16bz0o7/seafile_anyone_using_this/,"
    Seafile: anyone using this?
  ",,"
      3
      votes
    ",11,comments
1 yr. ago,https://www.reddit.com/r/privacy/comments/1326fdi/use_a_private_tts_app_for_doc_only_in_2023/,"
    Use a private TTS app for doc only in 2023
  ",,"
      2
      votes
    ",15,comments
1 yr. ago,https://www.reddit.com/r/privacy/comments/12ru86b/nso_groups_pegasus_spyware_returns_in_2022_with_a/,"
    NSO Group’s Pegasus Spyware Returns in 2022 with a Trio of iOS 15 and iOS 16 Zero-Click Exploit Chains
  ",,"
      22
      votes
    ",3,comments
9 mo. ago,https://www.reddit.com/r/privacy/comments/14wqgyh/access_to_pii_data_when_traveling_outside_of_the/,"
    Access to PII data when traveling outside of the EU ?
  ",,"
      2
      votes
    ",0,comments
5 mo. ago,https://www.reddit.com/r/privacy/comments/1824hsl/looking_for_an_encrypted_messaging_app_with/,"
    Looking for an encrypted messaging app with regular SMS support included like Signal used to have.
  ",,"
      1
      vote
    ",5,comments
9 mo. ago,https://www.reddit.com/r/privacy/comments/15c75p1/is_whisper_by_open_ai_available_for_offline_use/,"
    Is whisper by open AI available for offline use?
  ",,"
      2
      votes
    ",7,comments
1 yr. ago,https://www.reddit.com/r/privacy/comments/13sauph/best_option_for_private_dns_quad9/,"
    Best option for private DNS? Quad9?
  ",,"
      8
      votes
    ",6,comments
3 mo. ago,https://www.reddit.com/r/privacy/comments/1abrwhx/are_there_any_news_aggregator_apps_that_dont/,"
    Are there any news aggregator apps that don't track what you click? Looking at you, Google News
  ",,"
      7
      votes
    ",9,comments
3 mo. ago,https://www.reddit.com/r/privacy/comments/18xu8e4/is_there_a_way_for_android_splittunneling_but_for/,"
    Is there a way for Android ""split-tunneling"" but for location? Some apps are lied to, others are told the truth
  ",,"
      1
      vote
    ",1,comment
9 mo. ago,https://www.reddit.com/r/privacy/comments/14wpqp3/privacy_policy_not_looking_at_collected_data_as/,"
    [Privacy policy] Not looking at collected data as solo developer
  ",,"
      5
      votes
    ",2,comments
5 mo. ago,https://www.reddit.com/r/privacy/comments/17o9i7d/locally_hosted_or_privacy_respecting_voice/,"
    locally hosted or privacy respecting voice assistant on mobile?
  ",,"
      0
      votes
    ",3,comments
4 mo. ago,https://www.reddit.com/r/privacy/comments/18idjwc/my_data_download_on_snap/,"
    My Data Download on Snap
  ",,"
      2
      votes
    ",5,comments
4 mo. ago,https://www.reddit.com/r/privacy/comments/18mpiud/how_to_balance_between_privacy_and_fingerprint/,"
    How to balance between privacy and fingerprint uniqueness
  ",,"
      0
      votes
    ",6,comments
7 mo. ago,https://www.reddit.com/r/privacy/comments/16aceu6/how_to_improve_search_results_when_i_search_my/,"
    How to improve search results when I search my name on Bing?
  ",,"
      3
      votes
    ",6,comments
9 mo. ago,https://www.reddit.com/r/privacy/comments/154lrq2/ive_been_asked_to_complete_the_predictive_index/,"
    I've been asked to complete the ""Predictive Index Behavioural Assessment"" for work. Something doesn't smell right.
  ",,"
      3
      votes
    ",5,comments
3 mo. ago,https://www.reddit.com/r/privacy/comments/195kw1d/looking_for_google_photos_alternative/,"
    Looking for Google photos alternative
  ",,"
      0
      votes
    ",8,comments
4 mo. ago,https://www.reddit.com/r/privacy/comments/18d172r/cryptomator_is_absolute_useless/,"
    Cryptomator is absolute useless
  ",,"
      0
      votes
    ",3,comments
15 days ago,https://www.reddit.com/r/privacy/comments/1bqescw/whats_your_take_on_notesnook_in_comparison_to/,"
    What's your take on Notesnook in comparison to Joplin and Standard Notes? (Free Tier)
  ",,"
      4
      votes
    ",9,comments
9 mo. ago,https://www.reddit.com/r/privacy/comments/15151mi/when_everyone_else_uses_whatsapp_best_approach_to/,"
    When everyone else uses WhatsApp… best approach to ignite a change to eg Signal
  ",,"
      44
      votes
    ",41,comments
1 yr. ago,https://www.reddit.com/r/privacy/comments/zsjp35/companies_that_provide_services_to_collect_data/,"
    Companies that provide services to collect data invisibly
  ",,"
      3
      votes
    ",2,comments
5 mo. ago,https://www.reddit.com/r/privacy/comments/17y3rsm/best_firefox_browser_for_android_and_tab/,"
    Best firefox browser for Android and tab?
  ",,"
      3
      votes
    ",7,comments
10 mo. ago,https://www.reddit.com/r/privacy/comments/146ar7e/is_snapchat_safe/,"
    Is Snapchat safe?
  ",,"
      2
      votes
    ",9,comments
1 yr. ago,https://www.reddit.com/r/privacy/comments/13qobqs/inside_how_tiktok_shares_user_data_the_new_york/,"
    Inside How TikTok Shares User Data - The New York Times
  ",,"
      20
      votes
    ",6,comments
3 mo. ago,https://www.reddit.com/r/privacy/comments/194boe4/truecaller_and_similar/,"
    Truecaller and similar
  ",,"
      3
      votes
    ",8,comments
7 mo. ago,https://www.reddit.com/r/privacy/comments/16iqcnm/apple_and_google_are_introducing_new_ways_to/,"
    Apple and Google Are Introducing New Ways to Defeat Cell Site Simulators, But Is it Enough?
  ",,"
      20
      votes
    ",2,comments
2 mo. ago,https://www.reddit.com/r/privacy/comments/1aflrln/what_is_the_best_search_engine_in_terms_of_search/,"
    What is the best search engine in terms of search results?
  ",,"
      340
      votes
    ",184,comments
1 mo. ago,https://www.reddit.com/r/privacy/comments/1b62n6k/how_can_i_figure_out_where_my_security/,"
    How can I figure out where my security question/answers might exist?
  ",,"
      6
      votes
    ",3,comments
9 mo. ago,https://www.reddit.com/r/privacy/comments/14uu1u4/the_mysterious_connection_sciatic_nerve_woes_and/,"
    The Mysterious Connection: Sciatic Nerve Woes and Unseen Recommendations from social giants
  ",,"
      1
      vote
    ",5,comments
3 mo. ago,https://www.reddit.com/r/privacy/comments/19asodm/how_can_a_chrome_extension_record_my_desktop/,"
    How can a Chrome extension record my desktop?
  ",,"
      0
      votes
    ",3,comments
2 mo. ago,https://www.reddit.com/r/privacy/comments/1aph2mt/whats_the_most_common_browser_window_dimensions/,"
    What's the most common browser window dimensions? For avoiding fingerprinting.
  ",,"
      13
      votes
    ",6,comments
1 yr. ago,https://www.reddit.com/r/privacy/comments/12os3ql/is_google_transparent_with_which_thirdparty_apps/,"
    Is Google transparent with which third-party apps it gives access to your information to?
  ",,"
      6
      votes
    ",5,comments
10 mo. ago,https://www.reddit.com/r/privacy/comments/14fa90n/qwant_search_engine/,"
    Qwant search engine
  ",,"
      3
      votes
    ",8,comments
5 mo. ago,https://www.reddit.com/r/privacy/comments/17w5bm4/is_y2mate_and_similar_services_stored_videos/,"
    Is y2mate and similar services stored videos?
  ",,"
      3
      votes
    ",5,comments
10 mo. ago,https://www.reddit.com/r/privacy/comments/1473zio/is_there_a_way_to_signup_telegram_account_without/,"
    is there a way to signup telegram account without phone number?
  ",,"
      14
      votes
    ",11,comments
9 mo. ago,https://www.reddit.com/r/privacy/comments/151yjim/looking_for_a_programaddon_for_firefox_that_lets/,"
    Looking for a program/add-on for firefox that lets me download all images from a twitter account via a nitter instance
  ",,"
      1
      vote
    ",0,comments
5 mo. ago,https://www.reddit.com/r/privacy/comments/17po5u8/are_there_apps_that_collect_your_data_outside_the/,"
    Are there apps that collect your data outside the app?
  ",,"
      13
      votes
    ",7,comments
1 yr. ago,https://www.reddit.com/r/privacy/comments/zzcrfc/is_openmamba_good_for_privacy_and_is_it/,"
    is openmamba good for privacy and is it trustworthy?
  ",,"
      0
      votes
    ",1,comment
7 mo. ago,https://www.reddit.com/r/privacy/comments/16cpv87/10minutemail_but_for_phone_may_be_not_free_is/,"
    10minutemail but for phone (may be not free) - is that exists?
  ",,"
      1
      vote
    ",9,comments
5 mo. ago,https://www.reddit.com/r/privacy/comments/17nix1g/privacy_respecting_google_home_app_alternatives/,"
    privacy respecting google home app alternatives
  ",,"
      1
      vote
    ",3,comments
1 yr. ago,https://www.reddit.com/r/privacy/comments/10kwst5/questions_for_digitalization_state_secretary_of/,"
    Questions for Digitalization State Secretary of Austria?
  ",,"
      4
      votes
    ",8,comments
1 yr. ago,https://www.reddit.com/r/privacy/comments/11e9201/is_there_any_published_research_on_tik_tok/,"
    Is there any published research on Tik Tok actually being a significant digital privacy concern?
  ",,"
      0
      votes
    ",10,comments
10 mo. ago,https://www.reddit.com/r/privacy/comments/14be34z/privacy_and_security_oriented_real_time/,"
    privacy and security oriented real time communication.
  ",,"
      1
      vote
    ",3,comments
1 yr. ago,https://www.reddit.com/r/privacy/comments/13fftuz/eu_draft_legislation_will_ban_ai_for_mass/,"
    EU draft legislation will ban AI for mass biometric surveillance and predictive policing
  ",,"
      1.7K
      votes
    ",79,comments
